{"cameraMode":{"drawMode":0,"name":"Shaded","section":"Shading Mode"},"sceneLighting":true,"audioPlay":false,"sceneViewState":{"showFog":false,"showMaterialUpdate":false,"showSkybox":false,"showFlares":false,"showImageEffects":false,"showParticleSystems":false},"in2DMode":false,"pivot":{"x":0.14017677307128907,"y":10.078903198242188,"z":-10.56856918334961},"rotation":{"x":0.1631750911474228,"y":-0.1130908653140068,"z":0.018813839182257654,"w":0.9799364805221558},"size":36.43934631347656,"orthographic":false}