{"cameraMode":{"drawMode":0,"name":"Shaded","section":"Shading Mode"},"sceneLighting":true,"audioPlay":false,"sceneViewState":{"showFog":false,"showMaterialUpdate":false,"showSkybox":false,"showFlares":false,"showImageEffects":false,"showParticleSystems":false},"in2DMode":false,"pivot":{"x":1.1040706634521485,"y":28.147377014160158,"z":-2.1358604431152345},"rotation":{"x":-0.028496313840150834,"y":0.0036012353375554086,"z":0.00010550848674029112,"w":0.9995976686477661},"size":22.42865562438965,"orthographic":false}