{"cameraMode":{"drawMode":0,"name":"Shaded","section":"Shading Mode"},"sceneLighting":false,"audioPlay":false,"sceneViewState":{"showFog":false,"showMaterialUpdate":false,"showSkybox":false,"showFlares":false,"showImageEffects":false,"showParticleSystems":false},"in2DMode":false,"pivot":{"x":-0.34095001220703127,"y":0.833829402923584,"z":-0.1460402011871338},"rotation":{"x":0.07362387329339981,"y":-0.9076597094535828,"z":0.17956340312957765,"w":0.3721518814563751},"size":2.666025161743164,"orthographic":false}