{"cameraMode":{"drawMode":0,"name":"Shaded","section":"Shading Mode"},"sceneLighting":false,"audioPlay":false,"sceneViewState":{"showFog":false,"showMaterialUpdate":false,"showSkybox":false,"showFlares":false,"showImageEffects":false,"showParticleSystems":false},"in2DMode":false,"pivot":{"x":-6.623557090759277,"y":9.798782348632813,"z":-0.19780349731445313},"rotation":{"x":0.07434254139661789,"y":-0.12471868842840195,"z":0.009375564754009247,"w":0.9893761873245239},"size":15.016790390014649,"orthographic":false}